Age,Experience,Income,Family,CCAvg,Education,Mortgage,Securities Account,CD Account,Online,CreditCard
25,1,49,4,19.200000000000003,1,0,1,0,0,0
45,19,34,3,18.0,1,0,1,0,0,0
39,15,11,1,12.0,1,0,0,0,0,0
35,9,100,1,32.400000000000006,2,0,0,0,0,0
35,8,45,4,12.0,2,0,0,0,0,1
37,13,29,4,4.800000000000001,2,155,0,0,1,0
53,27,72,2,18.0,2,0,0,0,1,0
50,24,22,1,3.5999999999999996,3,0,0,0,0,1
35,10,81,3,7.199999999999999,2,104,0,0,1,0
34,9,180,1,106.80000000000001,3,0,0,0,0,0
